period,observed,trend,seasonal,resid
2016-01,39.0,29.797886281538226,6.219135008148589,2.9829787103131835
2016-02,13.0,29.396327578752647,-14.901750321927674,-1.494577256824975
2016-03,16.0,29.005298661309382,-13.234297526062688,0.22899886475330788
2016-04,24.0,28.625386309413464,-5.483762255932114,0.8583759465186489
2016-05,27.0,28.257433992632777,0.5513970145258495,-1.808831007158627
2016-06,29.0,27.902360570387103,2.0767084035933885,-0.9790689739804925
2016-07,25.0,27.56234696523333,-4.323150516260101,1.7608035510267683
2016-08,26.0,27.2409513831394,-1.232242622733482,-0.008708760405919946
2016-09,37.0,26.942030334692788,11.262023278958507,-1.204053613651297
2016-10,32.0,26.66993833116279,6.107410984810134,-0.7773493159729234
2016-11,31.0,26.43132531409628,3.8083812519529716,0.7602934339507463
2016-12,32.0,26.240257636767975,7.368086136869855,-1.6083437736378308
2017-01,23.0,26.193174511416846,4.375761313084883,-7.568935824501729
2017-02,32.0,26.12207534222192,-11.801116267142069,17.67904092492015
2017-03,31.0,26.042621119862677,-13.440085972836458,18.39746485297378
2017-04,20.0,25.956696312357025,-4.082771895256477,-1.8739244171005467
2017-05,29.0,25.893832470178868,-0.4349990811333169,3.5411666109544484
2017-06,34.0,25.874011259381398,1.6851175348680372,6.440871205750568
2017-07,19.0,25.884971243971506,-1.0799906367170204,-5.804980607254485
2017-08,27.0,25.89010240213134,-0.3339608124565009,1.4438584103251593
2017-09,38.0,25.832958063374175,8.015822181948232,4.151219754677594
2017-10,29.0,25.651162804943237,5.875423776581377,-2.526586581524615
2017-11,29.0,25.32077848001235,4.815302283299694,-1.1360807633120444
2017-12,34.0,24.888291315678384,4.621219732242388,4.490488952079229
2018-01,25.0,24.433486920613802,2.4883696279265495,-1.921856548540351
2018-02,19.0,24.004405871516227,-8.841238933169397,3.83683306165317
2018-03,10.0,23.634475383130187,-13.559257419378199,-0.07521796375198875
2018-04,20.0,23.352521991092228,-2.7925601435957117,-0.5599618474965169
2018-05,20.0,23.141084124530913,-1.3808482428096274,-1.760235881721286
2018-06,21.0,22.97820112750609,1.692274240366355,-3.670475367872445
2018-07,26.0,22.882884102808397,1.8867393786029258,1.2303765185886775
2018-08,17.0,22.846207135047738,0.6094410117740497,-6.455648146821787
2018-09,22.0,22.837129071294015,4.925801438802202,-5.7629305100962185
2018-10,34.0,22.88133298376094,5.192474492789331,5.926192523449728
2018-11,29.0,23.01226373738064,5.8505213125305495,0.13721495008881135
2018-12,24.0,23.23352668113966,2.129220082409731,-1.3627467635493922
2019-01,32.0,23.54153441692733,0.8507923374737597,7.60767324559891
2019-02,16.0,23.88733553415942,-5.628406684141771,-2.2589288500176465
2019-03,9.0,24.203927326614906,-13.650470492266527,-1.5534568343483777
2019-04,27.0,24.44425952220371,-1.3816072440738316,3.937347721870122
2019-05,22.0,24.604461947666294,-2.5946539863936184,-0.009807961272677801
2019-06,19.0,24.68294983591191,1.4141298882775681,-7.097079724189477
2019-07,32.0,24.675444048345025,4.822962887144239,2.501593064510736
2019-08,29.0,24.625854615418003,1.3279272524492494,3.046218132132747
2019-09,28.0,24.585205699822584,1.570564142763656,1.844230157413758
2019-10,33.0,24.550934383061435,4.701123437530401,3.747942179408163
2019-11,30.0,24.517628235298766,7.004557731314643,-1.5221859666134065
2019-12,20.0,24.461908037635816,-0.4750658185630194,-3.986842219072795
2020-01,22.0,24.36000219228065,0.8114740786638046,-3.171476270944453
2020-02,22.0,24.252434168610012,-6.371139275114655,4.118705106504642
2020-03,11.0,24.180170856620112,-11.965761685772422,-1.2144091708476914
2020-04,20.0,24.148496852434366,0.19125443029112676,-4.339751282725494
2020-05,21.0,24.15936165638371,-3.210363070039376,0.051001413655669126
2020-06,31.0,24.247690377040758,2.3866170374807125,4.365692585478531
2020-07,17.0,24.427914730539555,6.620237843476293,-14.048152574015848
2020-08,27.0,24.66788657300237,2.2937474346343927,0.03836599236323579
2020-09,21.0,24.925902834087875,0.6090571384390395,-4.534959972526913
2020-10,24.0,25.15333785505191,1.644076658010872,-2.7974145130627797
2020-11,38.0,25.348114519578736,6.911218815956512,5.740666664464751
2020-12,24.0,25.538821401007095,-1.3693764837653761,-0.1694449172417194
2021-01,26.0,25.73504982140229,-0.43579537314131006,0.700745551739022
2021-02,18.0,25.91736792305759,-6.523565663871121,-1.3938022591864687
2021-03,18.0,26.09292698094978,-9.985048119296907,1.8921211383471253
2021-04,30.0,26.281229337898814,0.23775893648859373,3.4810117256125928
2021-05,21.0,26.455861718214994,-2.554973040412647,-2.900888677802346
2021-06,32.0,26.577711462140442,4.426564589883322,0.9957239479762379
2021-07,32.0,26.639812386337557,8.04579138883624,-2.685603775173796
2021-08,30.0,26.659967639728393,2.0665699073111905,1.2734624529604162
2021-09,28.0,26.656283867546772,0.17932646524053464,1.164389667212692
2021-10,24.0,26.643236401615432,-2.445779053767047,-0.19745734784838476
2021-11,33.0,26.61294139127101,6.0743798731917655,0.31267873553722225
2021-12,27.0,26.57594783653542,-0.40053432854238497,0.824586492006965
2022-01,27.0,26.51686514474483,-1.4551711614467364,1.9383060167019046
2022-02,16.0,26.41098475569108,-5.726426933143338,-4.684557822547742
2022-03,18.0,26.23852065179726,-8.448640994802055,0.21012034300479598
2022-04,27.0,25.992978440622878,-0.3644409223903458,1.3714624817674697
2022-05,32.0,25.71486637323528,-1.959586227140893,8.244719853905615
2022-06,25.0,25.446108686142868,6.070011438001535,-6.516120124144404
2022-07,37.0,25.20114870248283,9.08805573255322,2.7107955649639486
2022-08,25.0,24.978113938405645,0.2666850733564168,-0.24479901176206198
2022-09,29.0,24.782478051940846,-0.8986089940031419,5.116130942062295
2022-10,19.0,24.616558766927053,-2.626096563931937,-2.990462202995115
2022-11,26.0,24.485442399835947,4.879713826479596,-3.3651562263155412
2022-12,24.0,24.367106123719815,0.2622422053745871,-0.6293483290944017
2023-01,16.0,24.23861734421436,-1.0853356925495634,-7.153281651664798
2023-02,22.0,24.116837787535488,-4.027527447192689,1.9106896596572014
2023-03,18.0,24.0418064091666,-8.931295952105057,2.889489542938456
2023-04,21.0,24.037382328246316,-1.3358116593253295,-1.7015706689209864
2023-05,21.0,24.104870936432633,-0.7274997780823748,-2.3773711583502575
2023-06,35.0,24.22498873777152,6.579052980171285,4.195958282057198
2023-07,19.0,24.36749150212122,8.448730255574693,-13.816221757695912
2023-08,26.0,24.520257095459538,-3.3350158397966396,4.814758744337102
2023-09,17.0,24.678379124637182,-2.0501288669020554,-5.628250257735125
2023-10,19.0,24.840339906987037,1.3229762190972068,-7.1633161260842435
2023-11,29.0,24.98916246801607,5.313955049685238,-1.3031175177013061
2023-12,31.0,25.13262134453129,-1.0008069532578279,6.868185608726538
2024-01,25.0,25.30815283662629,-0.6304514734340354,0.3222986368077443
2024-02,25.0,25.506742424724504,-2.2820131412861953,1.7752707165616926
2024-03,9.0,25.696709423765,-8.223929370428111,-8.47278005333689
2024-04,22.0,25.878769859230072,-1.0287054775182596,-2.850064381711814
2024-05,28.0,26.048793124101337,0.7723325635084992,1.178874312390164
2024-06,35.0,26.16912644415007,5.688585027522376,3.142288528327555
2024-07,36.0,26.207160694047463,4.827836945909118,4.965002360043417
2024-08,16.0,26.12635002353963,-6.011856812175998,-4.11449321136363
2024-09,24.0,25.942863437881492,-3.50726250332593,1.5643990654444373
2024-10,35.0,25.695926792372997,4.977900200105724,4.32617300752128
2024-11,32.0,25.402952882031055,6.227222071472292,0.36982504649665415
2024-12,21.0,25.032486594784206,-1.8770777386285797,-2.1554088561556277
2025-01,28.0,24.568897992843155,-0.18650978047508496,3.6176117876319296
2025-02,25.0,24.034903604714614,-0.7589775272180066,1.7240739225033934
2025-03,14.0,23.461035809411413,-7.515438237515882,-1.945597571895533
2025-04,23.0,22.855157760562683,-0.4763130472027456,0.6211552866400609
2025-05,20.0,22.21521822642111,2.944320853779479,-5.159539080200592
2025-06,27.0,21.558165949191004,4.301968051302867,1.139865999506128
2025-07,23.0,20.905057744022475,1.1386225888539252,0.9563196671236014
2025-08,32.0,20.2851684635547,-8.98979607144295,20.704627607888252
2025-09,40.0,19.685333097298845,-4.968775942824353,25.283442845525506
2025-10,28.0,19.091584707842134,9.034208876792382,-0.1257935846345184
2025-11,27.0,18.475641263553296,7.431943201843978,1.0924155346027256
2025-12,15.0,17.85614887375964,-2.9510980276775656,0.09494915391792702
2026-01,16.0,17.235433347471492,0.42689713636164894,-1.6623304838331414
2026-02,15.0,16.613846798301143,0.5495534518881757,-2.1634002501893193
2026-03,12.0,15.992345419111992,-6.741098219924066,2.748752800812074
2026-04,17.0,15.371997204772406,0.3628151922095469,1.265187603018049
2026-05,23.0,14.752393194457724,5.248638735697597,2.998968069844679
2026-06,14.0,14.132085012342706,2.46045004643219,-2.592535058774896
2026-07,8.0,13.508904839698456,-3.039833705369386,-2.46907113432907
2026-08,2.0,12.882144010760795,-11.963156890307484,1.0810128795466891
